"","sourceid","dstid","hod","mean_travel_time","standard_deviation_travel_time","geometric_mean_travel_time","geometric_standard_deviation_travel_time"
"6519152",1058,1542,15,1082.19,372.61,1033.3,1.34
"6443560",2367,1032,19,277.13,147.59,255.33,1.45
"2904683",565,1721,16,2220.57,363.32,2190.55,1.18
"10414727",1567,1851,23,1260.52,386.47,1213.15,1.3
"5878489",1253,2171,17,788.65,260.09,746.82,1.4
"2298028",2620,536,20,1925.43,398.5,1885.36,1.23
"4351855",1939,702,20,519.04,264.46,471.73,1.51
"654000",549,1252,6,717.5,244.49,681.96,1.36
"9282942",186,1332,7,3237,521.57,3197.98,1.17
"5801392",762,2187,18,2105.63,175.37,2098.58,1.08
"10905466",321,980,6,1372.43,125.78,1366.93,1.09
"1802113",2200,1032,18,1155.75,525.12,1083.77,1.38
"10733310",2227,1550,8,870.88,394.77,790.38,1.55
"4453209",2611,466,14,373.01,203.91,313.61,1.95
"9328058",264,2349,10,1729.57,524.28,1664.63,1.3
"6158435",2634,1244,18,2183.73,662.94,2083.55,1.36
"7379518",678,2441,19,1785.16,432.21,1735.42,1.27
"1953596",1107,217,20,766.69,202.3,741.23,1.3
"518946",812,323,20,1038.56,245.29,1012.39,1.25
"2382760",2318,209,18,316.74,228.74,276.33,1.61
"8253260",2677,2171,22,842.65,266.42,805.69,1.34
"3195558",209,868,18,861.58,226.33,837.4,1.26
"4385166",195,66,8,114.04,155.75,39.2,5.21
"3156935",433,471,11,1623.15,286.18,1602.89,1.16
"7993886",817,2510,18,618.38,265.97,566.36,1.52
"10965352",1562,2665,20,321.74,173.63,284.09,1.63
"100321",1757,1097,6,2011.82,324.58,1986.89,1.17
"9708163",957,1563,16,795.21,300.02,748.03,1.41
"3583625",1100,814,1,226.97,182.54,196.91,1.58
"4740843",1888,1302,17,1234.58,308.17,1202.2,1.25
"4309773",345,1338,4,588.31,291.52,536.07,1.5
"4705566",1555,2222,23,1749.65,394.14,1711.86,1.22
"6008570",1457,1567,15,3136.93,1443.71,2923.83,1.41
"9450449",859,1771,7,120.85,132.73,65.1,3.65
"5742230",1537,2480,6,1837.13,316.67,1809.25,1.19
"9565246",1868,447,19,2079.21,534.49,2012.7,1.29
"6461450",609,1209,11,2589.92,343.3,2569.7,1.13
"5372128",2503,2525,4,1940,417.6,1899.64,1.22
"5542766",186,2456,23,2337.88,469.9,2297.09,1.2
"10423546",2708,1690,11,2438.13,282.28,2421.69,1.12
"8890365",1270,393,22,1550.75,353.44,1505.71,1.29
"9400218",562,1234,11,1338.43,556.88,1241.59,1.45
"1058855",1557,2236,22,1158.65,429.73,1080.91,1.48
"3714855",1067,2214,7,1507.85,388.12,1453.14,1.33
"6844155",1310,91,9,2360.11,705.16,2267.94,1.32
"7795399",1492,1586,15,1084.64,389.94,1027.88,1.37
"6165706",921,1728,11,2735.08,313.68,2717.77,1.12
"11011949",1646,1742,11,737.07,269.69,694.91,1.4
"8973272",834,2016,13,2020.71,355.83,1988.96,1.2
"6125715",2275,1063,3,2357.17,463.64,2318.51,1.19
"5077221",1929,1066,17,3610.68,1357.37,3349.52,1.48
"10435724",1686,868,20,1658.03,327.61,1625.65,1.22
"10524942",2601,2367,23,2043,688.45,1926.21,1.41
"589507",1083,1557,0,2151.89,502.5,2091.36,1.27
"6263683",1528,2466,17,2278.89,507.59,2219.41,1.27
"3579731",69,787,14,156.41,131.09,116.8,2.36
"9327534",2697,86,11,1178.93,370.57,1126.43,1.35
"10416313",91,2395,20,1578.27,401.48,1534.82,1.26
"1547679",954,682,14,3495.14,475.06,3464.51,1.14
"7599293",1830,2466,18,3506.87,689.61,3439.45,1.22
"4271585",1514,1443,23,1775.38,378.42,1741.08,1.21
"8949332",380,1827,1,638.53,178.98,616.55,1.29
"2733657",1755,194,17,3207.33,970.14,3067.85,1.35
"5252322",1759,285,17,3442.04,817.74,3357.51,1.25
"730978",1903,715,0,601.1,260.25,553.46,1.49
"10265271",141,1653,10,2640.32,482.84,2602.41,1.18
"3655167",347,1337,16,663.85,359.67,594.44,1.56
"10889932",1574,1308,18,2953.42,756.76,2863.13,1.28
"4660053",931,1331,1,831.33,237.72,798.16,1.33
"407070",695,1827,23,744.03,245.94,714.73,1.3
"624268",394,2146,8,1876.56,268.67,1855.95,1.16
"469111",103,1586,22,1067.47,322.23,1023.95,1.33
"4317122",1894,889,13,883.31,254.19,850.59,1.31
"9023599",1287,448,10,1255.93,434.7,1192.3,1.37
"9181535",1160,247,9,623.65,218.71,588.21,1.4
"7645606",2466,311,9,409.43,300.75,367.11,1.49
"855921",664,659,20,1417.8,301.68,1387.15,1.23
"9512256",904,1472,22,892.89,299.29,840.66,1.42
"2553066",982,1633,2,1387.29,515.27,1306.75,1.4
"1369621",100,1097,9,2217.06,622.24,2135.82,1.31
"10831777",1120,1069,12,923.15,192.84,905.99,1.21
"5607840",1528,171,10,868.25,260.46,837.01,1.3
"7564090",351,1286,1,506.32,237.95,469.77,1.42
"5990340",1458,2455,8,1335.09,248.64,1313.9,1.19
"2893676",718,87,7,1966.5,339.45,1936.76,1.19
"5430517",1542,1086,1,813.63,163.97,796.38,1.23
"7239945",628,456,11,1087.46,328.65,1039.85,1.35
"960858",152,715,1,1133.23,303.16,1093.79,1.3
"1651290",1066,1542,0,279.81,169.06,229.3,2.01
"2805234",96,537,23,1418.79,322.45,1385.15,1.24
"621445",888,1891,13,1724.38,472.61,1671.48,1.27
"2190011",1689,542,1,1384.8,303.19,1352.83,1.24
"5111112",1271,2421,18,2038.8,450.19,1991.53,1.24
"3600761",345,2613,12,1083.26,342.14,1049.79,1.26
"6391142",723,546,17,1067.85,250.8,1040.49,1.25
"10223469",756,457,14,2733.17,263.37,2720.57,1.1
"8288063",187,1269,5,1452.14,327.63,1418.76,1.24
"9334070",2210,1550,21,2077.5,585.53,2007.63,1.29
"6095855",1850,1724,17,1477.48,588.06,1374.85,1.46
"7147522",1541,1046,16,690.93,264.24,643.03,1.51
"8121031",123,1100,8,2546.53,425.56,2510.68,1.18
"6852304",472,1513,10,2192.56,650.87,2109.97,1.31
"7486169",2448,2248,23,396.57,203.05,357.25,1.56
"3444933",2317,1498,8,1449.13,195.51,1436.15,1.14
"5604782",1735,1736,8,1585.84,373.16,1542.85,1.26
"9974037",1281,394,17,3089.33,604.22,3027.91,1.23
"4040305",2677,1181,10,1704.29,343.22,1670.46,1.22
"8134828",2654,1120,23,423.11,321.53,339.46,1.89
"4955887",621,2214,14,1152.26,363.74,1104.65,1.32
"7339392",1930,1555,6,1487.67,412.97,1440.28,1.28
"1787112",949,610,2,352.88,130.23,331.38,1.42
"9400041",2536,1852,10,736.18,274.45,690.72,1.43
"4852393",652,1280,0,536.44,217.21,504.55,1.39
"2953238",1273,2311,21,1368.6,399.09,1300.8,1.45
"2666661",2496,663,10,1185.03,205.67,1166.57,1.2
"8947219",1339,817,20,1284.76,373.24,1240.55,1.29
"5518413",2442,1746,5,1162.33,137.47,1154.2,1.13
"8360895",2104,204,20,524.53,304.49,463.78,1.62
"3068183",1523,2401,23,514.81,205.97,479.59,1.47
"7945276",1743,2525,5,1574.18,322.78,1548.06,1.19
"9780575",1604,46,23,1787,328.73,1756.49,1.21
"106206",1567,324,20,1275.54,540.99,1191.49,1.42
"2780321",2247,2634,10,2550.63,778.08,2444.55,1.33
"7911657",2356,719,7,2690.31,722.43,2599.2,1.3
"675663",1245,1095,10,2290.09,343.67,2265.8,1.16
"3556973",2622,2203,20,1834.45,335.4,1807.26,1.18
"4621972",642,2606,9,955.24,487.18,914.49,1.28
"5849996",1743,558,10,2048.59,387.13,2015.99,1.19
"2896518",415,2308,7,3263.15,1540.95,2950.03,1.56
"1648187",1527,457,1,428.91,166.63,391.87,1.68
"1697323",1597,742,15,2014.2,531.49,1954.5,1.27
"5767723",2504,543,23,933.75,430.9,871.87,1.41
"8841899",1929,1933,8,335.14,172.47,302.63,1.54
"7862418",2401,2437,23,1518.14,201.75,1504.6,1.14
"1060775",1691,79,14,315.29,189.28,275.44,1.66
"3658916",1081,2497,8,1760.94,947.98,1543.71,1.66
"435079",2304,1874,17,2577.38,834.91,2409.45,1.48
"5728387",1534,195,8,2730.23,611.36,2653.48,1.28
"9299747",889,719,5,507.75,124.07,494.02,1.26
"2284502",1073,1649,19,2828.7,488,2784.98,1.2
"6134570",1299,2632,15,1720.8,505.31,1641.71,1.37
"6369548",165,1745,18,2158.79,495.59,2107.39,1.24
"5272298",2022,2398,21,2064.25,301.74,2047.23,1.13
"3774005",1832,2363,20,525.74,259.83,482.44,1.46
"7435677",2200,1634,21,992.87,352.3,945.35,1.35
"7497151",1737,910,18,3127.91,559.12,3078.14,1.2
"8284685",1724,2355,18,2329.74,537.6,2264.19,1.28
"6588083",663,1707,13,2003.5,278.78,1985.34,1.14
"5288072",1703,1733,11,1919.01,384.6,1885.22,1.2
"956257",1920,3,1,1099.78,26.37,1099.46,1.02
"4232422",2169,1830,20,428.56,218.65,389.83,1.53
"5528037",1357,1307,15,1341.09,219.01,1325.25,1.16
"5855519",1271,2603,14,3196.3,1253.5,2989.59,1.43
"3897644",615,1565,20,795.93,149.61,783.19,1.19
"190450",958,382,11,988.73,294.64,948.05,1.33
"150350",1014,2465,14,3661.33,455.27,3632.33,1.14
"7999739",554,1332,19,1158.14,219.68,1136.73,1.22
"5288402",1885,2148,13,1061.72,427.79,980.7,1.49
"4792717",811,1059,0,1033.67,468.45,957.67,1.44
"3905742",556,300,8,1473,296.36,1441.24,1.24
"2054702",2307,1847,17,2326.08,674.78,2231.72,1.33
"4522718",1281,653,7,906.09,202.67,882.35,1.26
"2623991",1807,2241,4,978.36,652.02,794.21,2.05
"589581",1062,595,5,806.55,307.05,743.63,1.56
"6685434",1276,1778,12,1037.94,253.63,1011.46,1.25
"9705838",1525,1691,23,1517.86,346.6,1483.82,1.23
"247095",127,1936,17,2102.08,746.96,1971.02,1.44
"7865257",2316,2624,5,1072.71,224.49,1049.26,1.24
"3259634",369,2430,13,1291.86,199.32,1277.61,1.16
"1610176",1269,2438,20,2766.68,716.39,2682.83,1.28
"10357302",2201,627,0,170.94,151.23,108.58,3.01
"9229149",1918,739,20,727.5,187.44,705.6,1.28
"9813206",1743,1234,11,2156.56,463.75,2117.72,1.2
"10003738",447,886,10,1195.1,462.54,1113.8,1.46
"8240096",6,402,17,2980.33,613.02,2907.37,1.26
"1085660",209,1450,0,1090.97,443.86,1005.64,1.5
"1018220",252,1495,18,365.71,207.22,323.16,1.67
"5250346",1747,81,14,1450.68,346.85,1416.2,1.23
"2913769",653,2503,2,763.31,216.41,738.1,1.28
"10817493",687,475,9,3093.5,314.5,3076.74,1.11
"3695691",741,303,4,204.53,177.91,170.71,1.66
"1970855",433,2232,19,2218.8,211.16,2209.68,1.09
"4295827",610,1851,22,3352.29,264.03,3341.73,1.08
"4579892",306,2171,9,335.77,151.59,315.86,1.37
"4246999",2115,2505,7,3401.96,912.63,3290.35,1.29
"6563798",627,1664,11,4469.22,293.94,4460.07,1.07
"1754576",65,606,7,1016.48,325.96,972.08,1.34
"5236160",2363,1827,18,709.5,275.17,668.91,1.39
"7149975",1833,1306,19,666.21,295.37,611.35,1.5
"7109692",1833,2374,13,969.12,244.37,943.64,1.25
"2925586",1265,1850,17,2645.09,390.55,2618.51,1.15
"8206914",1746,448,7,2654.21,777.22,2539.29,1.35
"9417682",1513,288,2,1057.16,357.62,1010.74,1.33
"10974380",643,1838,21,3159.21,515.19,3119.3,1.17
"2465353",1852,2315,2,2401.13,228.74,2391.27,1.09
"4225324",757,2060,17,816.49,474.25,722.5,1.6
"890235",965,1698,21,866.92,232.27,836.16,1.31
"10871578",1247,1630,1,1083.5,335.7,1035.77,1.34
"5295964",395,434,20,2789.07,571.67,2739.5,1.2
"9071084",283,1685,16,2458.73,546.55,2392.11,1.27
"11012822",105,467,12,2079.62,435.23,2034.53,1.23
"7608611",1081,905,19,1697.5,375.73,1656.49,1.25
"4279428",463,1498,16,848.49,280.63,809.43,1.35
"2693484",1528,1526,13,762.81,257.56,722.19,1.39
"9303052",1934,1431,23,1460.06,459.18,1412.2,1.27
"8772449",1517,2441,22,1654.22,510.67,1585.81,1.33
"1627877",2513,556,14,1416.51,368.46,1369.49,1.3
"8537896",967,2466,22,1370,324.53,1337.64,1.24
"11069672",1944,2643,6,218.79,119.04,179.61,2.21
"6222055",2673,2625,0,282.55,144.36,257.47,1.51
"11061008",1609,2593,17,1994.64,554.05,1913.89,1.34
"5492294",1069,907,0,1470.11,313.82,1437.23,1.24
"6655698",1723,975,15,3505.47,534.33,3459.47,1.18
"4524456",2485,1609,15,698.45,306.74,640.33,1.51
"4099565",1781,280,18,2732.74,591.28,2673.08,1.23
"5600294",2125,1171,14,1730.92,458.59,1683.28,1.25
"6156115",2682,1117,23,1401.43,547.71,1302.68,1.46
"9314865",2603,2214,21,567.37,247.68,527.42,1.44
"6340783",394,1303,22,1101.42,285.65,1070.78,1.26
"10701501",2356,959,21,641.3,273.09,596.54,1.44
"10485439",915,965,17,1145.17,271.42,1113.24,1.27
"10150468",920,52,1,1270,269.5,1241.25,1.24
"4270456",1764,1120,15,1986.03,898.37,1836.05,1.46
"9135758",2155,975,5,1223.32,515.91,1151.42,1.38
"5538996",592,321,9,599.78,227.46,566.58,1.38
"3634685",715,2526,10,1695.11,1259.73,1515.14,1.49
"4111057",534,648,19,971.41,207.15,951.06,1.23
"3617448",2435,645,23,2046.54,472.35,1995.86,1.25
"1946981",617,1017,13,716.03,243.5,681.2,1.36
"1154324",2145,817,3,1982.89,447.64,1934.23,1.25
"3725012",2694,1536,2,1385.37,343.49,1345.98,1.27
"2687293",695,1825,17,659.74,293.3,610.97,1.45
"10271546",303,1099,14,2561.25,601.33,2485.62,1.29
"1493637",2647,2448,9,2442,606.52,2364.19,1.29
"5375706",1554,2247,20,1559.4,282.42,1536.53,1.18
"8615890",1536,2356,16,2219.1,517.33,2156.81,1.27
"9425842",1834,1920,7,948,302.74,903.57,1.36
"783948",814,1954,20,2906.18,120.31,2903.73,1.04
"9135031",1305,1338,23,1049.79,300.14,1011.66,1.31
"6451012",1069,2513,22,3426.67,828.38,3322.67,1.29
"6452470",1243,2304,11,1668.22,367.46,1626.05,1.26
"9858509",1245,2339,21,1718.24,410.7,1675.99,1.24
"4447871",1121,82,22,1934.2,399.53,1896.84,1.21
"2285200",1746,1234,10,1988.8,322.99,1964.8,1.17
"455093",2137,535,10,1105.52,433.82,1050.98,1.34
"3522421",1578,1729,12,2952.95,342.51,2933.24,1.12
"6913518",652,1634,23,1917.16,346.82,1890.77,1.17
"10060534",2170,2226,20,2051.71,531.44,1997.24,1.25
"3587211",1772,91,21,1896.83,444.69,1848.68,1.25
"6642687",1291,1720,5,789.05,218.37,763.48,1.28
"9744792",1888,1887,16,285.1,202.42,212.2,2.34
"4997265",939,99,10,863.1,176.39,845.28,1.23
"9565419",1872,1874,21,428.42,298.41,343.12,2
"4827926",2246,1756,0,651.3,267.57,608.05,1.42
"5591090",1062,79,12,2466.1,776.75,2338.83,1.39
"11028661",1838,562,23,816.13,430.42,733.89,1.56
"6700172",1926,1868,10,1277.91,327.01,1236.68,1.29
"544440",108,1553,20,784.11,221.75,757.46,1.29
"10947523",1069,138,16,2784.06,761.99,2682.95,1.31
"5266839",2388,1018,9,539.42,198.73,510.35,1.37
"5503079",290,2353,8,741.66,213.22,711.69,1.34
"11095729",687,1597,15,2475.31,799.49,2344.87,1.4
"4847915",1759,1291,22,1970.95,305.58,1951.5,1.14
"6210987",1293,1119,16,2017.66,580.13,1936.58,1.33
"8075445",100,1775,6,2837.29,612.76,2757.94,1.29
"7428448",1236,1911,2,845.55,280.1,804.87,1.36
"939552",2023,1537,18,2627,1294.61,2410.46,1.47
"8796619",1935,65,6,1248,332.89,1213.28,1.25
"8397736",1531,1520,8,887,265,850.9,1.33
"5570944",1467,743,14,1338.98,232.96,1320.08,1.18
"8987255",604,1556,22,804.42,350.39,748.44,1.44
"9191521",678,1927,17,3266,779.71,3170.89,1.28
"2818757",1707,2187,16,2637.73,863.05,2522.39,1.33
"3988933",1452,2317,9,1287.58,342.65,1241.9,1.31
"11010931",2403,1523,17,1321.62,616.12,1256.25,1.32
"4283288",276,1982,19,1143.22,273.42,1113.72,1.25
"3848106",80,1511,1,1597.96,286.43,1573.67,1.19
"10595020",2466,1540,1,1392.2,339.33,1355.54,1.25
"4358829",1271,2216,7,1898,456,1838.57,1.3
"8217494",1270,2157,16,1227.82,576.47,1128.76,1.5
"8669029",1274,723,23,1382.43,554.81,1268.25,1.52
"2136507",2025,234,20,5631.25,419.65,5615.48,1.08
"10671390",2069,950,19,3093.95,328.65,3078.48,1.1
"5418998",232,103,17,1649.1,824.14,1447.23,1.68
"9380990",666,950,8,771.67,131.79,761.39,1.17
"6768015",334,609,3,1814.96,423.08,1770.41,1.25
"4875558",598,1743,12,2301.73,479.89,2253.64,1.23
"9457065",2673,2370,3,2485,366.85,2459.5,1.15
"1297361",285,1034,23,1282.74,274.04,1257.33,1.21
"3535960",650,660,1,1102.63,317.84,1059.57,1.33
"3997331",1080,1059,0,637.82,276.49,589.52,1.47
"3980234",1597,2202,10,1376.06,264.06,1354.2,1.19
"3143335",2505,2647,15,3139.29,704.69,3058.76,1.26
"4328710",1703,315,2,1343.18,263.86,1322.17,1.18
"2411643",2169,1613,23,2599.75,379.36,2576.42,1.14
"4537462",2434,388,10,1028.7,370.86,967.87,1.41
"9474898",536,2465,5,513.18,159.92,496.04,1.28
"9076594",1702,1518,23,1785.64,333.94,1756.83,1.19
"2474708",1299,643,0,624.16,191.8,596.03,1.36
"10359100",2503,2250,17,843.66,201.77,827.18,1.2
"4838093",614,615,18,547.55,213.7,515.13,1.4
"690041",369,321,10,2374,273.16,2357.57,1.13
"4928882",2404,543,9,2864.35,476.44,2830.3,1.16
"9056321",1307,2222,9,1037.77,315.13,993.26,1.34
"438855",2022,2709,11,3104.67,575.47,3060.02,1.18
"487653",469,2700,17,1995.91,723.41,1904.09,1.33
"2373293",1834,252,11,2719.1,821.04,2626.8,1.28
"687193",2451,653,12,633.86,240.98,593.52,1.43
"2983330",98,1261,20,1849.08,444.1,1800.66,1.25
"51362",614,1929,17,1944.21,683.12,1835.15,1.4
"2061201",2197,617,13,366.85,279.54,293.42,1.93
"10507345",151,2505,9,2440.4,729.77,2350.02,1.3
"8514708",1907,1270,11,1157.91,369.57,1108.84,1.33
"416255",840,608,10,3307.5,347.12,3289.97,1.11
"2866834",338,823,23,1426.91,355.16,1391.84,1.24
"10698982",2510,555,10,2329.39,662.98,2235.15,1.34
"3199672",559,2251,9,2267.75,312.27,2244.22,1.16
"8777888",1260,2240,15,4220.38,1151.18,4104.32,1.25
"1619943",1499,1273,10,2050.3,698.66,1948.78,1.36
"1471230",1660,1566,20,1142.71,288.03,1107.19,1.29
"1761665",534,1511,20,2481.55,457.48,2434.63,1.22
"6343922",208,234,6,1077.37,250.43,1052.39,1.23
"6415739",600,2213,20,1165.38,248.12,1139.59,1.24
"659134",554,1566,15,1054.06,334.51,1008.56,1.34
"5740104",646,1295,9,781.28,151.84,767.58,1.2
"2478728",240,1967,16,1191.4,263.66,1163.89,1.24
"3416538",2708,2466,11,1060.93,283.84,1027.48,1.28
"7927171",1025,1775,7,2891.89,980.27,2713.6,1.44
"4315009",1293,2465,4,1096.58,297.21,1057.38,1.31
"9297178",128,717,22,248.76,165.08,215.95,1.62
"10641955",2116,1687,6,2180.53,582.3,2112.39,1.28
"2875765",2465,1772,15,879.88,320.61,834.88,1.36
"5426351",2458,1450,9,1386.16,426.35,1342.77,1.26
"3372501",2673,725,12,2487.96,273.85,2474.4,1.11
"809483",2553,1689,5,2370.56,381,2339.41,1.18
"10480096",553,2594,7,614.1,271.45,556.41,1.61
"4092921",2029,415,22,852,202.02,833.64,1.22
"2430607",2262,1119,20,1203.14,251.38,1179.57,1.21
"1450587",2622,1742,5,878.32,220.16,853.68,1.26
"8094300",1592,415,11,172.29,210.9,96.93,3.3
"10880467",74,1907,19,229.76,165.61,190.25,1.8
"6851738",808,664,9,2398.86,687.49,2323.81,1.27
"1648178",1931,920,19,1193.88,247.45,1170.61,1.21
"1048528",2697,314,16,2069.72,607.6,1994.76,1.3
"3960618",1884,1631,16,3133.7,794.57,3024.14,1.32
"4280052",1119,2105,1,742.88,219.49,722.61,1.24
"9010478",1303,273,7,1707.1,458.82,1647.89,1.3
"5937006",345,1650,22,2956,407.18,2927.19,1.15
"8448120",1604,2023,12,870.55,118.68,863.19,1.14
"9282711",532,1309,10,3515.5,151.14,3512.29,1.04
"2670466",1996,2540,9,365.97,125.11,357.41,1.2
"185951",1331,920,22,1047.62,366.55,996.5,1.35
"9970143",277,843,22,1464.5,470.73,1396.84,1.35
"2516127",627,2021,9,2733.38,354.14,2714.07,1.12
"1638394",1992,1919,9,1120.85,303.02,1096.32,1.21
"8300720",1280,1682,10,258.13,100.02,243.29,1.4
"3512239",1053,2603,21,511.7,187.85,488.51,1.32
"8890754",1090,303,11,1750.2,513.31,1683.14,1.32
"5370041",232,91,16,679.07,287.54,636.07,1.41
"10956648",1399,2364,7,791.42,313.96,693.31,1.85
"2902883",2451,2503,16,330.94,202.01,297.31,1.51
"539656",1664,1177,23,410.67,241.1,350.19,1.73
"5778765",1557,2232,18,1741.35,433.45,1691.84,1.27
"1764781",1919,1386,11,1060.93,313.51,1021.08,1.31
"5888533",724,1937,0,831,362.33,755.95,1.54
"10908702",609,1080,15,569.27,528.64,475.04,1.73
"1831494",1339,1243,16,1632.75,971.39,1363.09,1.83
"5186941",1443,212,4,1182.53,372.26,1136.16,1.31
"7202890",1780,858,0,740.5,302.54,686.4,1.47
"2253491",99,392,1,1333.43,221.41,1317.03,1.17
"10582332",2315,2601,20,671.54,168.52,652.8,1.26
"323437",131,718,22,724.44,306.15,668.3,1.48
"5868562",1783,915,11,1023.31,227.52,998.79,1.25
"497347",1588,1093,10,1798.69,415.8,1753.33,1.25
"10242568",1279,1527,1,1129.76,373.02,1084.35,1.31
"754366",1339,176,2,636.82,276.92,591.54,1.45
"3991294",457,1534,5,295.21,213.33,256.01,1.6
"2966022",546,1872,23,712.06,172.47,693.03,1.26
"3502458",1604,707,0,3604.78,936.53,3515.82,1.23
"3459938",118,1705,7,2233.3,545.91,2161.06,1.3
"481966",893,479,15,217.1,199.39,137.78,3.06
"6086912",1521,1102,13,1407.3,297.79,1375.23,1.24
"3709794",2376,695,14,853.95,329.79,801.4,1.41
"4250574",2317,2378,8,2840.71,396.64,2812.59,1.15
"5880428",1549,277,14,1643.82,441.89,1584.17,1.32
"10357341",1437,2448,11,1748.14,312.84,1720.22,1.2
"5440447",1260,1098,22,2359.8,303.6,2339.66,1.14
"406155",1952,1575,9,1898.85,489.14,1849.83,1.24
"8876381",284,1690,12,1903.07,639.77,1800.74,1.4
"745873",153,1251,3,1019.31,231.8,989.69,1.29
"5836801",559,2155,8,960.64,341.91,905.73,1.41
"752577",2313,1099,23,2494.3,593.71,2433.95,1.24
"3378728",1103,622,1,1119.29,54.84,1117.92,1.05
"9385125",1545,2126,23,1626.28,222.63,1612.42,1.14
"11030252",1183,800,23,1436.4,414.35,1387.19,1.29
"8651940",31,209,17,2755.07,531.34,2705.06,1.21
"10611151",1049,1544,17,1892.33,501.33,1821.39,1.33
"1725301",2137,2272,17,3872.17,543.93,3835.3,1.15
"2226794",443,1053,15,2681.03,790.2,2568.55,1.34
"423960",458,1759,18,2420.18,321.81,2398,1.15
"10492532",1559,328,0,1611.63,374.46,1572.57,1.24
"4836085",1541,322,23,648.15,265.71,604.25,1.44
"6569682",1029,2396,8,2140.16,476.99,2089.47,1.24
"9181885",209,2210,7,1530.75,370.3,1489.7,1.26
"5550161",217,615,18,561.04,233.67,525.2,1.41
"3313103",1565,1203,17,4419.17,527.73,4387.91,1.13
"9018074",152,605,9,2452.71,581.34,2394.6,1.23
"3492627",2611,2176,18,1497.67,475.18,1434.61,1.33
"3209695",2358,447,11,2173.96,485.57,2123.27,1.24
"9688635",1582,2247,4,1554.36,279.06,1533.42,1.17
"2804571",1261,495,19,2071.92,417.8,2033.62,1.21
"3189225",2171,221,8,2073.95,462.65,2029.62,1.22
"3212156",118,1749,12,590.44,201.7,558.78,1.39
"6368589",1750,2613,13,936.46,593.22,837.96,1.54
"10200004",617,1019,12,276.48,162.47,243.26,1.72
"8903014",562,744,23,1153.2,1054.75,962.34,1.65
"8555758",703,300,21,876.2,242.89,846.86,1.29
"9138924",1064,1651,20,1548.13,611.02,1454.99,1.4
"4513522",63,1103,4,888.33,394.5,820.22,1.47
"3094552",805,1577,18,1576.25,383.76,1538.57,1.23
"8632638",133,701,17,1253.68,350.42,1210.02,1.3
"8581701",1534,80,10,2256.86,576.7,2185.04,1.29
"8356375",1202,1488,0,2279.25,282.52,2262.63,1.13
"6296328",1053,1688,9,2080,632.76,1978.41,1.38
"7699193",675,2708,2,718.14,116.52,708.68,1.18
"4630302",2456,1357,13,1243.77,294.1,1211.19,1.26
"8655067",718,552,17,584.74,340.14,495.16,1.78
"2712877",611,1730,14,2067.58,588.16,1990.73,1.31
"5966197",866,1510,23,1857.75,452.85,1805.32,1.27
"5943299",330,2703,14,3499.76,758.21,3418.09,1.24
"10051967",1692,2220,17,3034,988.74,2879.67,1.38
"6888951",1284,2613,14,2310.25,508.19,2260.21,1.23
"92689",288,315,22,1559.84,295.39,1535.61,1.19
"723297",2513,1688,12,3298.34,788.71,3210.76,1.26
"106789",2612,481,17,1219.83,210.64,1201.42,1.19
"4314580",1086,2347,8,1646.86,286.55,1621.19,1.2
"5996131",465,607,10,1096.24,214.72,1075.54,1.22
"9680435",985,1642,14,835.53,333.21,787.48,1.39
"10822929",648,20,20,818.84,220.6,793.31,1.28
"10940960",2396,2153,8,769,66.22,766.24,1.09
"2699437",186,2456,17,2769.29,523.68,2723.89,1.2
"3440741",2363,1274,23,746.44,194.61,725.95,1.25
"2905006",1781,385,8,1223.75,202.2,1209.56,1.16
"3463840",1892,251,23,769.71,290.18,730.87,1.35
"8141535",1473,103,23,575.95,122.67,566.62,1.18
"2175518",1578,222,18,1141.9,287.04,1110.46,1.26
"10774796",2496,1443,4,1066,274.13,1038.16,1.25
"4544338",2349,480,10,985.2,307.75,942.99,1.34
"8298325",2340,1705,10,545.8,182.62,526.44,1.29
"9703961",1060,2597,15,484.26,302.94,430.68,1.56
"3824291",2350,1526,11,1169.63,227.98,1145.91,1.23
"1984580",1541,65,17,2585.55,590.9,2520.48,1.25
"1103310",91,2108,13,4003.21,661.54,3958.76,1.15
"8934445",91,1396,15,3630.47,1090.45,3458.06,1.37
"8718598",1358,2244,18,1634.32,361.35,1597.29,1.24
"3559021",725,2231,22,2222.62,512.41,2179.78,1.2
"3356661",1544,458,18,1259.99,277.87,1231.27,1.24
"3307324",644,682,7,1986.62,451.57,1936.02,1.26
"518215",1707,79,20,1211,247.89,1185.98,1.23
"3852874",1697,2498,0,963.09,154.59,951.3,1.17
"8199822",1729,935,22,1083.69,197.96,1069.46,1.17
"4401325",2454,1853,13,1246.23,202.19,1233.12,1.15
"726714",1332,741,9,1454.31,514.05,1364.09,1.44
"6755823",613,2437,9,388.42,174.47,350.44,1.63
"9853604",181,2435,13,530.97,219.67,489.94,1.54
"8106150",1359,1721,21,560.33,216.36,527.52,1.39
"8662649",98,1121,13,2530.86,774.17,2416.27,1.36
"3141046",907,1057,20,2132.95,496.63,2079.52,1.25
"2765267",2219,2318,16,3287.83,850.84,3183.26,1.29
"9307653",2317,1734,21,2183.38,336.85,2157.44,1.17
"979134",1697,650,10,1080.64,245.54,1053.6,1.25
"6825730",1584,608,23,1449.33,447.74,1391.67,1.32
"1774873",1853,975,19,1332.03,451.35,1259.43,1.4
"7066198",2483,1036,11,830.18,418.8,765.5,1.44
"5416495",99,2218,18,484.49,208.79,448.19,1.47
"5590251",409,1729,23,1021.89,260.91,990.56,1.28
"238256",808,469,12,1520.75,418.2,1470.51,1.29
"10621894",2394,1729,7,2929.04,864.86,2803.59,1.35
"1210686",454,1944,15,3678.33,584.53,3626.01,1.19
"4702334",1100,1827,14,2393.1,426.27,2356.77,1.19
"10237103",2442,209,15,576.88,232.83,545,1.37
"394996",172,1233,11,3077.75,652.05,3005.64,1.25
"10813934",743,1759,5,1305.27,307.4,1268.77,1.27
"7155868",165,469,21,2510.33,506.84,2458.83,1.23
"6898951",1029,1691,20,2408,481.65,2364.75,1.2
"8840770",1030,953,20,1303.13,251.92,1283.4,1.18
"1221934",1260,209,21,1062.11,309.66,1026.55,1.29
"5919192",219,458,11,1861.87,355.34,1830.05,1.2
"8882981",1534,1546,9,1119.79,239.32,1101.56,1.18
"1194214",2224,1081,11,1255.73,304.02,1224.03,1.25
"960214",1499,954,17,1946.55,772,1786.86,1.53
"4276413",1233,722,18,775.79,233.96,739.6,1.37
"3328255",1781,2504,19,1056.25,232.7,1034.58,1.22
"4065398",1029,885,3,1258.59,326.08,1222.79,1.26
"10230797",2538,729,7,2969,390.49,2944.36,1.14
"1512934",1437,1728,18,685.56,332.01,625.82,1.51
"9571231",2233,1309,19,1093.14,313.83,1052.86,1.31
"7542200",2613,1922,8,2184.57,471.07,2139.45,1.22
"8741292",2396,595,3,1616.12,424.62,1567.05,1.27
"1792883",2121,1100,8,2361.7,338.72,2335.58,1.16
"685272",2107,1804,5,886.63,44.44,885.54,1.05
"6095707",389,1067,4,953.42,593.09,814.17,1.72
"6982886",1504,1045,13,571.43,326,494.75,1.69
"4237994",1443,2323,13,749.58,253.82,714.08,1.35
"3761134",468,2248,18,1894.56,270.35,1872.65,1.17
"2158819",885,1659,15,1439.64,332.82,1403.09,1.25
"9968762",1618,1038,15,1436.63,412.42,1381.49,1.32
"6474842",2378,530,3,629.1,214.42,595.61,1.39
"6339359",1699,434,23,760.47,205.21,736.19,1.28
"8358589",314,2658,21,1964.64,236.77,1951.67,1.12
"5676314",541,2453,17,651.13,215.83,627.69,1.28
"2075661",1275,294,12,3562.6,547.51,3523.14,1.16
"7622114",1584,2236,11,982.31,389.33,926.49,1.38
"539362",2348,2435,6,690.18,350.47,607.58,1.66
"9807347",565,2155,21,2098,451.12,2050.48,1.24
"9645921",1518,1550,7,2503.76,677.8,2415.49,1.31
"8870106",2004,2065,21,966.25,113.86,959.69,1.12
"6418667",325,1551,15,1462.27,522.25,1368.68,1.45
"8200110",1467,1934,14,2113.16,536.08,2068.28,1.21
"10582566",864,216,9,596.14,283.65,538.32,1.56
"655984",459,1538,3,567.08,213.93,533.46,1.41
"2399323",1547,1651,18,386.85,274.41,325.1,1.72
"8154666",461,1064,19,814.84,226.93,782.02,1.34
"2718079",1729,351,21,2377.28,536.74,2323.83,1.23
"5057183",196,2530,6,2158.29,422.65,2118.48,1.21
"2714449",2230,959,20,744.84,332.25,695.44,1.41
"1982268",1651,1821,15,5551,1412.92,5379.19,1.28
"9110568",564,1237,4,852.74,293.75,803.2,1.42
"1146590",2195,1024,14,1230.63,246.69,1207.95,1.21
"2882489",1047,1636,16,3017.67,1168.4,2779.03,1.52
"6193889",1729,208,3,1108,181.78,1092.91,1.18
"9162616",1098,2591,0,695.89,219.14,668.91,1.31
"10924061",1559,2434,21,510.24,186.37,480.83,1.4
"7020158",678,1868,21,2419.18,523.65,2368.98,1.22
"1968130",1575,155,19,2065.58,431.17,2026.57,1.21
"2803904",1031,206,18,2044.22,530.82,1979.38,1.29
"8422596",87,1473,9,941.16,352.06,889.14,1.39
"10706427",744,975,12,1090.32,277.71,1061.16,1.25
"7319247",1750,1829,16,2848.72,697.09,2769.51,1.27
"8470764",2618,650,12,2032.33,364.68,1999.71,1.2
"6059195",1907,701,6,711.14,208.95,681.08,1.34
"4204827",2136,26,20,2303.9,133.88,2300.1,1.06
"430052",1269,721,14,1708.27,322.69,1677.72,1.21
"5660223",1458,908,9,1055.05,326.87,1016.71,1.29
"6466592",1243,2396,15,1194.5,350.81,1151.15,1.3
"10409756",11,1090,6,1493.79,461.68,1435.68,1.31
"10069857",1244,1282,22,1438.52,347.83,1403.88,1.24
"5860385",1071,2215,6,985.82,290.72,947.7,1.32
"8266848",2213,652,23,891.36,284.35,855.92,1.31
"9544358",288,2452,20,2084.17,322.59,2061.86,1.15
"746248",385,82,4,1224.21,327.27,1190.29,1.25
"3988455",1158,503,7,790.42,246.49,750.66,1.39
"10437346",1308,98,0,2567.4,442.8,2529.18,1.19
"2789410",1429,1154,6,1404.5,478.15,1311.36,1.47
"5252304",2355,1829,20,2343.13,425.64,2306.08,1.19
"2952162",2616,167,16,886,271.33,846.48,1.35
"9816596",66,2394,9,886.13,178.81,869.1,1.22
"1444391",536,1747,18,1923.34,506.18,1863.88,1.28
"11138874",1080,2115,11,1812.35,481.89,1766.29,1.24
"9934717",1744,720,18,2621.77,639,2550.21,1.26
"7425283",812,82,22,1528.61,431.83,1477.35,1.29
"9948884",1504,403,22,1232.39,206.72,1220.23,1.14
"1440163",1282,1513,23,1608.46,489.18,1544.15,1.32
"366496",294,841,13,939.33,302.79,901.08,1.32
"2449789",1590,473,4,1170.78,600.5,1039.78,1.6
"10879652",1930,1743,4,2600.42,295.16,2584.61,1.12
"3177590",1185,2066,9,476.74,274.3,410.27,1.82
"386829",1309,1330,23,970.13,310.63,930.06,1.32
"207420",234,767,16,7159.75,1224.5,7055.6,1.19
"4152354",2407,232,5,1285.51,403.1,1229.79,1.34
"1724520",457,1047,5,627.25,277.52,578.45,1.47
"8949408",537,1446,1,925.49,268.55,893.06,1.29
"8473520",2216,2403,1,753,322.11,684.62,1.56
"11008673",91,1979,12,3724.14,318.14,3711.29,1.09
"3611521",2487,2348,16,1900.62,409.23,1857.23,1.24
"10305753",176,170,20,1010.92,145.55,1001.66,1.14
"1201445",830,1279,17,4281.07,1137.08,4121.89,1.33
"2642988",153,2505,4,1997.13,378.17,1966.02,1.19
"2521803",1648,21,15,1434.25,329.14,1398.21,1.25
"4135332",2368,2356,12,514.02,360.2,408.15,1.99
"4021810",79,210,12,1487.28,470.34,1423.36,1.34
"9681091",1079,1518,5,516.29,213.21,474.63,1.51
"10495332",2223,2673,20,2333.65,471.36,2295.12,1.19
"10709988",965,2463,17,1223.41,298.12,1188.15,1.27
"10403510",2505,2321,7,1817.04,506.11,1747.4,1.33
"2157772",1852,2249,21,1451.14,265.97,1427.62,1.2
"10426940",1245,886,13,1628.25,447.86,1574.77,1.29
"1365018",1612,2193,5,543.5,232.27,490.97,1.59
"8708765",184,2270,0,3605.5,231.22,3597.98,1.07
"5359578",2395,394,16,1368.07,510.61,1287.53,1.4
"9653897",1192,1185,23,1511.49,327.17,1482.4,1.21
"9420970",1911,1850,9,1808.92,302.63,1784.66,1.18
"5773156",958,65,5,410.5,286.73,347.75,1.7
"8631198",1720,1703,11,1390.58,345.32,1354.3,1.25
"10728162",815,2378,7,3339.07,889.2,3229.19,1.29
"9286961",380,1209,7,1421.1,387.75,1381.1,1.25
"9648039",550,1950,22,246.72,151.45,211.82,1.72
"5512756",1749,285,13,2706.69,837.81,2611.35,1.28
"10370254",595,1492,4,1427.39,284.17,1401.21,1.21
"4569548",2503,409,4,812.44,520.94,631.73,2.2
"10659669",1895,1721,20,1710.06,282.09,1689.99,1.16
"5859971",652,2022,14,3858.95,1274.56,3648.55,1.4
"2801702",2582,817,13,986.86,392.79,941.04,1.33
"1859369",2316,1246,11,766.98,277.04,727.87,1.36
"7110173",968,2231,5,1692.2,355.76,1656.38,1.23
"3755922",698,2582,5,2576.54,382.34,2548.85,1.16
"8482018",392,488,9,2590.14,606.32,2523.29,1.25
"8500986",264,767,9,2540.83,169.26,2535.44,1.07
"7878158",1457,1875,15,3359,723.79,3281.88,1.24
"639054",1103,1873,18,2210.28,616.88,2142.4,1.27
"9589283",1036,1653,11,1699.33,617.3,1577.21,1.49
"5799554",2348,99,18,621.86,297.61,564.27,1.53
"9832149",324,1455,3,2078.53,441.96,2035.82,1.22
"6138184",21,2348,16,3339.14,915.47,3210.53,1.33
"3312477",1755,817,14,111.95,90.23,98.22,1.53
"49634",455,2613,23,2015.77,622.33,1942.96,1.29
"5231153",812,1062,10,1289.94,281.03,1261.48,1.23
"5552430",1852,1650,19,2777.85,528.29,2732.3,1.2
"8484479",2453,1929,20,1799.11,234.28,1785.05,1.13
"5575746",809,2613,19,2361.85,550.25,2303.28,1.25
"1751765",886,269,21,1544.33,93.82,1541.59,1.06
"10514954",2245,1461,14,824.47,338.76,758.05,1.53
"6411716",1926,184,10,865.11,305.57,824.87,1.34
"10002751",2429,1296,9,4138.13,550.11,4103.19,1.14
"1255545",187,2515,22,635.73,182.81,610.4,1.33
"8047674",384,2288,0,1067.2,235.11,1045.75,1.21
"2752970",2249,2511,14,266.39,171.52,199.04,2.49
"4242630",2530,611,2,946.48,286.05,907.24,1.33
"8043504",2136,1764,22,925.33,358.61,874.58,1.37
"323800",181,605,21,1451.17,374.62,1407.26,1.28
"1191501",1877,1834,7,2705.17,864.07,2555.44,1.42
"9633505",675,1467,17,1782.3,395.56,1738.88,1.25
"9881251",1890,1627,21,2077.29,210.57,2067.14,1.1
"10460363",1925,1233,7,908.95,399.67,833.93,1.51
"2926124",1269,2154,11,776,242.86,738.81,1.37
"6914370",1853,1946,8,1152.64,87.89,1149.36,1.08
"1102770",416,1030,13,1195.85,346.24,1156.47,1.28
"10362090",2145,103,2,1436.44,352.64,1399.71,1.25
"258398",1838,1361,9,814.66,353.02,752.94,1.47
"6575552",2429,1260,16,4276.73,376.99,4260.07,1.09
"8853820",2151,528,8,3543.25,1361.36,2816.65,2.62
"4089419",1173,2239,10,2855.13,420.19,2827.1,1.15
"2715364",1298,1281,11,1226.45,278.15,1200.85,1.22
"4174218",1567,2438,18,2190.2,626.85,2098.53,1.35
"7962136",209,1755,22,956.78,279.05,927.66,1.27
"1151119",1830,544,20,1287.35,277.93,1259.42,1.23
"9168155",1532,1557,6,3269.63,862.61,3140.38,1.35
"4409334",2682,2614,4,1999.8,265.83,1983.44,1.13
"5744638",1757,339,9,623.08,228.63,582.05,1.47
"5466303",2335,2145,16,2755.85,898.16,2630.62,1.34
"7203117",2152,175,9,423.43,197.05,383.07,1.56
"7881960",151,1944,7,1932.09,1024.81,1717.12,1.6
"9374617",1918,1209,13,1435.77,323.48,1408.27,1.2
"5143507",286,2646,17,1942.15,545.78,1842.38,1.43
"3644012",887,1539,7,1522.67,185.43,1510.99,1.13
"1849577",1224,1267,10,1122.78,187.63,1109.67,1.16
"6605703",1498,457,9,297.49,181.22,251.99,1.84
"9360604",1461,2464,12,2713.22,1261.51,2513.35,1.43
"5305873",1291,950,3,388.14,93.96,379.51,1.22
"8372506",1386,1759,11,1867.93,297.12,1847.38,1.15
"3443620",1519,2403,22,881.24,325.04,838.48,1.34
"3048122",395,339,23,551.43,194.97,518.68,1.42
"10258180",2219,1071,14,2153.17,292.94,2133.3,1.15
"2267718",1718,2314,18,1547.8,256.47,1527.65,1.17
"1283860",2454,651,17,2426.26,486.45,2378.07,1.22
"5690299",2215,206,2,893.13,238.79,865.5,1.28
"4610680",1449,1465,10,2817.41,484.29,2781.67,1.17
"5381046",1876,547,10,695.38,159.31,677.73,1.25
"1433858",1724,1276,7,3074.54,621.04,3002.49,1.26
"4666992",1950,2169,11,1219.2,419.62,1154.91,1.38
"10295805",1293,44,7,1604.46,478.24,1539.33,1.33
"5167317",1534,211,1,2008.14,483.15,1952.54,1.27
"693171",930,2370,7,644.32,278.61,592.08,1.51
"483342",1210,1570,13,2468.22,486.45,2426.11,1.2
"9175647",2634,1545,2,702.57,235.62,675.14,1.3
"9443773",1575,127,21,2725,435.4,2690.14,1.17
"3006547",818,2601,13,2900.09,503.35,2855.9,1.19
"5923049",1296,2050,18,3155.61,545.62,3115.11,1.17
"5746670",1266,2062,22,1237.92,599.5,1112.7,1.58
"4889043",2660,755,13,2848.32,533.48,2802.9,1.19
"6317308",1831,908,7,3409.42,786.91,3323.44,1.25
"3148827",1074,1519,22,1457.95,370.21,1409.28,1.3
"6434835",1710,2582,10,942.25,295.51,908.26,1.29
"4295363",1057,2606,17,3363.27,990.46,3232.6,1.32
"10051870",1707,2308,12,1280.28,411.98,1218.67,1.39
"5624240",1072,431,23,424.14,215.1,382.22,1.6
"6860927",888,125,22,2249.8,501.39,2194.11,1.25
"1547216",2187,108,20,919.45,319.53,880.8,1.31
"404059",2614,1534,7,2021.4,361.52,1988.44,1.2
"3108799",468,1101,8,277.86,124.72,236.84,2.14
"698500",286,1648,1,1551.67,196.77,1539.75,1.13
"4355467",2169,52,11,1029.43,229.98,1006.07,1.23
"740546",60,1913,9,1943.57,619.56,1844.67,1.39
"2013949",1915,552,14,1016,203.27,996.03,1.22
"119436",1628,150,19,3833,238.45,3825.63,1.06
"10422402",288,2665,10,1769.11,381.31,1729.68,1.23
"3862803",96,2187,23,658.25,268.74,624.82,1.34
"4453965",251,1938,13,677.89,274.98,627.6,1.48
"8649903",1293,2049,12,3876.19,1004.03,3759.03,1.28
"3239742",756,46,13,2778.2,364.97,2756.53,1.13
"1378421",38,1597,21,2349.23,389.94,2321.7,1.16
"5193449",1086,2216,16,1075.43,307.97,1036.79,1.3
"1044992",234,1920,16,3471.96,833.76,3368.08,1.28
"8010704",65,2407,11,1499.24,362.94,1458.08,1.26
"8831641",2608,2597,22,3048.6,878.87,2946.85,1.28
"6300791",1585,2353,0,717.31,229.86,686.2,1.33
"4937776",1903,984,2,2021.67,588.85,1945.42,1.31
"10528433",867,2320,13,1353.77,164.7,1343.64,1.13
"8648255",1730,1245,4,842.16,340.38,772.36,1.56
"4858822",210,1738,15,479.83,201.19,444.42,1.47
"5339054",1545,1203,13,1527.04,383.05,1485.11,1.26
"6917868",1089,2437,0,943.18,308.31,892.42,1.4
"6308420",455,437,17,569.58,274.44,515.52,1.56
"2541195",2437,1730,21,1557.34,405.32,1510.13,1.27
"9201920",661,463,16,3834,1074.84,3673.56,1.35
"4334869",1237,2169,20,848.63,287.23,808.08,1.35
"2793214",1700,2343,16,944.15,239.85,916.79,1.27
"5956328",387,1590,1,1516.23,429.8,1469.45,1.27
"4128130",699,447,20,2960,625.32,2892.57,1.24
"5653673",1100,347,23,1659.03,376.43,1621.15,1.23
"2474138",2659,365,2,631,341.7,556.46,1.63
"5266278",652,2307,0,2481.14,414.73,2451.04,1.16
"7316934",965,915,14,831.3,166.25,816.07,1.21
"4541252",389,1467,22,1346.31,199.72,1332.81,1.15
"8213393",2074,2387,23,475.4,146.91,456.44,1.33
"9513826",1070,1271,14,2223.95,893.16,2095.14,1.38
"6365266",2170,1872,11,1183.48,364.98,1136.64,1.32
"970921",1252,66,3,707.77,224.47,677.57,1.33
"9786193",2606,817,0,2287.77,423.16,2254.15,1.18
"2214371",233,1742,7,735.32,243.07,703.27,1.33
"7129340",860,80,22,981.2,453.21,901.36,1.49
"9080045",1694,1536,10,1003.34,367.71,959.67,1.31
"2275196",1894,604,8,1667.13,344.38,1634.81,1.21
"8859513",562,1455,15,1630.67,427.08,1578.56,1.29
"11137887",1235,1919,17,444.38,262.22,396.48,1.55
"1947402",2155,1262,1,1425.82,520.79,1348.81,1.38
"10057051",326,1944,21,3255.9,594.23,3200.23,1.21
"8426455",2434,1073,18,1366,384.62,1319.41,1.29
"9400885",2407,1100,18,3186.31,811.78,3081.28,1.3
"3070445",892,612,17,2568.88,479.16,2524.58,1.21
"6241212",431,2201,21,1668.11,439.76,1615.07,1.29
"9455546",2318,859,8,1029.75,254.46,1000.59,1.27
"8782613",1940,1939,17,231.47,175.65,183.12,1.97
"9894334",930,555,14,768.46,291.47,719.55,1.43
"4109978",408,2504,20,857.92,341.91,810.79,1.37
"10703441",2344,1280,22,751.05,266.83,717.18,1.33
"9109168",1299,1703,22,440.45,284.46,364.26,1.93
"2863785",1447,495,9,591.1,256.74,538.2,1.56
"2608037",1244,665,18,2070.89,562.08,2012.41,1.26
"1805912",684,1914,1,1739.71,389.16,1702.38,1.22
"3944263",1695,593,9,853.39,279.31,815.87,1.33
"9557156",2308,1658,5,1141.5,368.85,1095.45,1.31
"3594786",1734,1739,6,2066.17,287.41,2046.3,1.15
"4123201",1949,1824,0,557.4,118.61,545.52,1.23
"5235418",21,2620,1,1831.38,364.43,1797.02,1.21
"3617630",597,1739,22,1649,380.37,1603.43,1.27
"3503054",80,431,12,2362.9,279.6,2346.45,1.13
"927103",2658,1303,6,1009.81,349.39,958.31,1.37
"10330511",1528,2316,11,2035.82,408.59,1995.89,1.22
"2475865",2251,113,15,2974.67,267.77,2962.91,1.09
"5772408",2172,1932,2,94.49,131.22,61.04,2.3
"9237929",1106,1528,1,1653.4,526.4,1577.42,1.35
"9515766",1833,304,22,48.38,106.17,23.89,3.24
"6333329",1592,1602,4,249.53,195.37,190.06,2.36
"9359860",2173,1646,10,2934.29,382.46,2911.48,1.13
"10934274",665,1446,10,701.15,152.21,686.36,1.22
"2547152",2554,2634,4,1461.79,491.18,1389.76,1.36
"3903896",92,898,8,374.83,63.35,369.72,1.18
"9341146",2489,1939,10,1154.31,356.64,1106.32,1.33
"10642123",345,703,20,1446.53,509.04,1358.33,1.43
"8703558",1695,338,6,2045.18,504.96,1989.52,1.26
"2427849",2443,1046,3,1119.62,435.89,1055.6,1.38
"6157379",2340,1438,9,932.84,252.8,906.49,1.26
"5081155",1916,1936,21,440.52,196.92,407.23,1.46
"8265682",1597,1066,8,891.23,370.85,824.76,1.47
"8689349",2647,61,18,1216.89,339.81,1172.32,1.31
"8993797",308,1331,9,1011.93,162.27,1000.85,1.15
"10647395",1574,1105,14,1325,182.43,1312.46,1.15
"5939415",81,2554,21,1656.46,265.43,1635.29,1.17
"5584305",31,1060,11,1662.52,379.4,1619.74,1.26
"9964710",1269,1873,11,982.95,379.82,925.88,1.39
"8838516",2452,434,7,2191.99,678.24,2086.47,1.38
"3923937",2516,273,10,862.14,240.43,837.29,1.25
"1141756",1014,1615,8,1640.25,432.61,1592.23,1.26
"3252095",173,1310,5,1291,342.93,1244.02,1.32
"9056256",1768,661,19,875.71,211.91,854.47,1.24
"4271794",1736,119,18,1225.05,256.93,1197.34,1.24
"5127262",1892,1570,21,1262.85,341.47,1224.35,1.27
"1638745",2345,605,7,1612,344.7,1579.47,1.22
"7033555",1913,2622,9,3792.5,691.84,3729.59,1.2
"376733",1920,2149,19,1004.25,260.51,974.84,1.27
"2131705",2628,545,18,1723.08,493.55,1663.48,1.29
"10775444",2708,443,13,1990.83,339.05,1961.01,1.19
"6709075",347,1829,13,899.85,317.44,857.27,1.34
"538824",2374,1578,0,886.75,427.21,833.21,1.36
"4295902",815,1321,19,3932,407.36,3910.89,1.11
"51857",1689,389,11,1883.12,376.1,1849.02,1.21
"5869458",1461,1921,12,2134.8,303.81,2116.14,1.14
"1795821",2345,1749,14,833.29,264.89,803.32,1.29
"1914707",1875,931,15,1049.18,364.14,996.98,1.36
"7445934",105,1833,12,1769.12,455.15,1714.77,1.28
"25984",2332,287,20,947.48,281.92,913.79,1.29
"9596809",609,2694,13,2547.27,713.47,2459.13,1.3
"7939864",597,103,14,2874.11,387.22,2848.59,1.14
"8769494",554,984,12,2391.95,507.23,2341.62,1.23
"10441642",395,1458,20,1170.98,335.23,1134.07,1.27
"1764280",629,2346,1,1100.53,271.43,1069.29,1.27
"607915",1271,1990,13,5463.9,1301.9,5332.37,1.24
"8252928",2488,132,14,898,399.76,815.05,1.55
"550171",1781,462,21,1550.61,390.87,1506.95,1.26
"1374242",1639,209,12,698.78,207.61,674.08,1.3
"6626167",2503,237,7,2978.5,304.77,2962.84,1.11
"8305250",940,47,19,1384.33,325.27,1346.88,1.26
"5617021",2313,234,16,1788.27,342.48,1758.76,1.2
"2603113",2169,1772,10,2990,434.54,2959.6,1.15
"1230733",2106,2113,18,1040.17,184.78,1024.57,1.19
"350120",2066,1180,13,650.16,201.19,626.91,1.29
"4067064",563,1928,17,767.52,300.53,714.65,1.45
"9115237",1938,551,0,590.12,276.64,536.92,1.52
"5002103",2631,232,18,1982,477.49,1930.1,1.25
"3300971",1617,1038,15,1538.19,287.53,1513.73,1.19
"10079053",554,886,14,4122.53,1513.53,3862.04,1.44
"2970748",1649,1648,14,194.52,127.17,157.25,2.12
"9434836",1258,643,14,572.66,248.73,544.95,1.33
"8552921",321,452,2,1472.89,309.36,1440.54,1.24
"6883200",123,1874,9,1058.81,362.65,1004.82,1.37
"1958394",1633,1044,2,1101.11,215.8,1083.74,1.19
"593093",598,1282,23,1886.11,764.33,1776.56,1.38
"1555757",1306,1303,6,511.09,173.97,488.56,1.33
"6948699",1106,86,6,1744.32,344.57,1713.18,1.21
"1278830",1699,2318,12,499.92,244.31,471.33,1.38
"8789973",954,605,12,2450.14,495.2,2403.96,1.21
"2356737",1089,1453,21,1779.56,886.6,1601.53,1.55
"1854167",1721,830,3,689.81,276.66,648.44,1.39
"8396238",1779,209,1,648.17,241.24,611.4,1.39
"5271709",1087,1512,8,1695.8,685.81,1556.29,1.53
"1436317",555,700,5,774.35,311.89,719.27,1.45
"3216980",1682,1210,7,2464.75,492.44,2418.11,1.21
"4182551",1592,2485,16,755.71,374.86,689.65,1.5
"7479088",2244,423,19,2771.5,273.31,2758.67,1.1
"6049937",1755,1536,14,2869.27,787.34,2773.01,1.29
"3348530",1686,1292,15,1257.99,362.79,1212.24,1.31
"8989837",1557,1360,16,1254,473.83,1186.53,1.37
"338099",1739,1339,8,3922.52,845.62,3838.59,1.23
"7351589",133,2153,7,1010.5,341.37,955.97,1.39
"8257485",1261,964,18,439.55,149.43,421.01,1.32
"8800873",1039,321,7,3528.47,1283.54,3333.47,1.39
"5743826",1649,2132,13,1755.68,353.56,1725.02,1.2
"9238048",1781,1873,10,3425.06,831.26,3353.33,1.21
"8422539",23,253,16,1327.83,260.68,1302.51,1.22
"8931571",103,391,20,1868.5,514.15,1809.18,1.28
"846174",685,1744,11,1087.38,274.42,1058.3,1.25
"6062852",2021,2272,21,618.9,520.99,339.08,4.01
"3652691",446,323,23,451.02,206.3,416.31,1.46
"907452",209,1121,10,2530.53,586.5,2469.21,1.24
"3508110",206,1701,16,909.43,238.11,881.83,1.28
"5464115",2307,567,13,2273.58,320.05,2250.81,1.15
"5221120",1183,2308,6,4023.27,1315.04,3820.84,1.38
"4082939",908,210,8,461.29,225.8,428.91,1.41
"9083246",1275,2223,13,2973.63,266.52,2963.05,1.09
"7850964",438,1305,10,1075.1,332.54,1026.97,1.35
"2273448",2355,2592,1,313.85,189.8,265.7,1.85
"3836834",2321,1282,12,928.57,216.71,904.56,1.26
"2859315",322,209,13,1547.65,595.72,1454.9,1.4
"2784465",2465,366,13,5399.64,1170.87,5284.11,1.23
"2500729",1729,1429,23,4178.5,329.4,4165.73,1.08
"487465",2344,1741,23,1546.41,460.1,1494.71,1.28
"9326313",2344,1211,10,3085.54,681.87,3023.05,1.21
"10041055",1723,1921,21,2164.5,301.61,2146.92,1.13
"3516187",1253,1251,5,706.46,255.88,661.02,1.45
"10300561",2521,206,9,3975.55,690.34,3918.33,1.18
"2953576",2460,2452,21,1935.64,387.79,1899.77,1.21
"2529794",1360,930,12,1402.58,180.91,1392.57,1.12
"8155784",422,466,8,1513.17,421.13,1454.25,1.33
"6052466",2451,1734,10,2567.88,571.21,2502.46,1.26
"1304207",194,303,17,3239.12,614.31,3178.77,1.22
"8637311",2155,1271,7,2302.79,557.32,2238.16,1.27
"9597594",286,369,9,1581.25,179.12,1571.86,1.11
"8673291",2355,1063,21,2099.14,444.97,2052.44,1.24
"97958",2123,306,15,4995.87,965.56,4911.29,1.2
"3225527",2601,2323,14,1009.75,208.59,989.65,1.22
"1313330",347,1746,21,1079.44,250.45,1055.12,1.23
"5508448",865,1559,8,1903.92,583.47,1830.34,1.31
"4588806",309,17,12,4517.44,1435.68,4326.15,1.33
"5330655",2635,345,0,1478.9,237.4,1461.09,1.17
"4939541",600,1106,10,1819.54,584.05,1735.65,1.35
"5954637",1524,2620,15,549.14,254.95,505.17,1.48
"6735756",741,695,7,1318.93,512.75,1232.97,1.44
"2606333",1728,314,1,444.99,299.47,396.91,1.56
"9985220",921,1458,13,2489,339.67,2468.09,1.14
"8278836",378,2113,16,757.22,138.27,744.51,1.2
"6050472",683,91,3,517.31,126.41,503.04,1.26
"3215803",184,66,12,967.71,308.23,929.73,1.31
"1188732",76,2654,7,2476.08,748.06,2360.71,1.37
"9001757",460,1098,9,926.66,365.3,869.92,1.41
"4195321",1707,2513,0,2155.29,433.1,2111.99,1.22
"2449558",454,1912,16,2010.5,582.24,1920.21,1.36
"7220280",1222,2157,10,1331.47,376.92,1295.33,1.24
"2629811",385,1083,9,2079.38,487.92,2022.24,1.27
"5117190",193,195,11,1010.7,217.29,991.17,1.21
"10627291",2404,1438,21,2339.13,331.51,2318.76,1.14
"8294907",1893,1634,4,1921,273.33,1903.52,1.14
"7404645",80,1053,5,1269.13,229.07,1250.34,1.18
"1411464",2407,1871,21,708.28,185.22,691.63,1.22
"1697700",66,718,20,590.57,262.39,544.03,1.47
"186837",264,2114,3,855.5,230.8,831.67,1.25
"7247786",1299,1030,3,983.58,270.09,954.55,1.26
"6012732",191,100,15,538.21,226.45,494.06,1.53
"5474035",1526,477,20,711.41,267.36,676.8,1.34
"7057360",1073,286,6,842.82,257.99,766.45,1.84
"8030725",339,1556,17,2437.92,842.25,2278.13,1.47
"8460042",2218,953,23,1739.06,518.01,1669.29,1.32
"4521621",2348,1651,1,993.53,242.93,970.22,1.23
"9750551",1904,1834,15,1386.75,286.92,1359.15,1.22
"2290006",2441,537,4,83.62,68,67.69,2.05
"697937",103,2431,18,1220.87,496.19,1153.49,1.37
"1361409",321,1094,23,1057.32,331.88,1011.87,1.34
"10821205",436,1924,23,398.62,181.97,364.04,1.52
"10020647",1677,2437,10,2139.9,352.78,2110.8,1.18
"5204978",629,2540,14,3918,766.32,3837.84,1.23
"859632",1063,1520,19,966.08,294.01,928.85,1.31
"1575168",1065,1087,2,367.27,123.7,353.31,1.29
"3719881",719,328,15,2698.95,1083.86,2482.79,1.52
"2858076",1596,2454,2,803.19,190.39,787.48,1.2
"4128534",216,2423,11,1420.5,334.94,1384.84,1.25
"6639580",1056,621,12,1533.38,193.25,1521.66,1.13
"8195106",1646,1692,12,913.5,423.96,834.7,1.52
"6583160",1613,1033,6,372.68,197.51,323.46,1.76
"1016921",2127,2463,7,1570.14,411.75,1523.43,1.27
"7988968",1728,338,13,1304.25,437.44,1240.22,1.36
"1936020",986,2368,13,1403.4,434.64,1324.47,1.44
"7057754",1621,1784,19,1506.94,108.46,1503.12,1.07
"10198712",309,1406,15,380.93,296.74,299.73,1.93
"10675285",617,487,22,816.75,322.41,763.52,1.43
"58018",2368,2532,1,510.6,269.1,454.06,1.61
"1847993",212,1832,18,3587.25,660.62,3526.84,1.2
"1860231",2505,1154,18,5562.25,682.45,5519.97,1.13
"8952339",82,1536,12,1705.08,371.38,1664.86,1.25
"10197856",1087,1462,20,967.92,298.71,924.76,1.35
"7970208",98,65,7,2270.4,797.52,2145.24,1.4
"7931244",2318,1233,14,2948.47,375.65,2924.13,1.14
"10566984",1504,1613,16,2091.71,809.06,1961.6,1.42
"7568409",2353,103,18,498.5,241.2,456.37,1.49
"3673889",1036,866,16,2639.13,535.89,2586.31,1.22
"1132543",2466,1725,19,2115.13,281.34,2098.35,1.13
"5416633",652,1749,0,1209.25,211.69,1191.84,1.18
"6156154",1743,2074,0,3710.9,409.57,3688.81,1.11
"10787103",1514,1082,14,1536.25,349.9,1495.17,1.27
"9256867",1333,1966,14,2575.19,490.46,2529.69,1.21
"6822388",210,194,22,1706.56,623.15,1614.54,1.38
"1384949",2332,181,19,591.54,212.46,560.51,1.37
"2612254",1020,1605,15,1221.24,405.68,1147.19,1.45
"4032795",2533,108,9,970,331.22,917.83,1.39
"4012154",1654,1056,3,896.14,321.7,847.44,1.38
"5358203",1698,963,21,839.2,208.49,815.98,1.26
"3983012",1771,2330,1,672.87,204.21,644.92,1.33
"6873079",2452,26,11,4781.5,415.86,4764.01,1.09
"1032510",1527,1689,7,1918.94,888.54,1747.01,1.53
"9912280",595,206,4,1568.55,481.97,1500.13,1.34
"4720942",2245,176,15,2641.09,724.22,2565.79,1.25
"1398705",1741,1710,3,575.27,221.65,511.26,1.77
"8038001",345,1257,0,2738.59,540.74,2691.53,1.2
"5119574",46,2418,0,940.63,283.16,908.63,1.28
"10270354",303,2378,13,1065.69,336.9,1022.39,1.32
"8696796",2232,1721,14,1821.77,396.14,1782.61,1.23
"1514881",541,1449,19,634.28,254.67,590.49,1.45
"2503602",756,2121,18,1326.07,367.7,1287.76,1.26
"5821680",850,1179,11,288,25.43,286.87,1.09
"7761032",1464,1154,0,4401.82,475.6,4378.54,1.11
"1310298",683,684,11,595.17,236.03,559.27,1.4
"1239905",949,536,14,2536.5,562.33,2471.61,1.26
"1160091",52,1233,21,943.11,204.93,922.46,1.23
"3872132",1089,1211,15,2061.72,819.99,1960.93,1.33
"7059402",2155,2376,15,1561.11,464.49,1498.48,1.33
"7520328",2270,1736,7,6531.5,906.75,6468.53,1.15
"6410392",1311,1262,23,1000.41,262.99,968.03,1.29
"7029780",2697,2513,21,633.05,257.24,592.25,1.42
"6774628",469,1694,6,2957,936.23,2801.63,1.4
"1729808",1562,446,12,2565.86,265.3,2552.47,1.11
"9664980",2305,2535,22,1186.54,270.74,1156.32,1.26
"5121971",37,920,6,534.73,242.79,486.96,1.55
"1903183",1460,722,8,2585.77,500.07,2539.71,1.21
"7267846",543,2247,3,926.57,392.76,872.84,1.38
"10202221",717,1724,15,1960.24,414.04,1915.74,1.24
"11065752",1655,102,10,99.2,127.46,68.8,2.07
"6184098",858,82,4,472.04,254.33,417.37,1.61
"5587760",212,253,21,2464.3,387.89,2434.69,1.17
"8482473",1690,2134,19,2007.45,394.26,1972.3,1.2
"3878730",151,1035,1,1113.64,300.69,1081.69,1.26
"10254462",242,1257,0,1463.5,122.94,1458.34,1.09
"8647422",1909,1832,20,1447.75,288.43,1418.94,1.22
"6003942",1969,1809,20,1174.68,658.63,1076.93,1.44
"3005851",532,1361,10,3194.5,335.72,3178.36,1.1
"8212461",1884,2152,22,351.82,216.96,304.54,1.67
"7947804",1277,1448,14,1220.11,289.89,1189.49,1.25
"6725743",883,2565,14,1950.06,256.21,1935.03,1.13
"160791",2466,1210,15,1358.93,327.14,1332.6,1.2
"8812066",1747,1454,2,221.34,167.88,191.74,1.59
"7743179",980,1236,10,2390.27,448.85,2351.26,1.2
"640789",1755,1449,6,867.42,336.19,815.28,1.41
